Temperature(K),Pressure(Atm),CompressibilityFactor(Z)
273.1,24.675,0.806677258
283.1,24.675,0.833668237
293.1,24.675,0.85717511
303.1,24.675,0.875405969
313.1,24.675,0.888394713
323.1,24.675,0.898657462
333.1,24.675,0.909577934
343.1,24.675,0.91662811
353.1,24.675,0.92357514
363.1,24.675,0.932594778
373.1,24.675,0.938812658
383.1,24.675,0.944284254
393.1,24.675,0.951458126
403.1,24.675,0.954827118
413.1,24.675,0.959609025
423.1,24.675,0.962874309
433.1,24.675,0.967432603
443.1,24.675,0.970160345
453.1,24.675,0.970812652
463.1,24.675,0.972464764
473.1,24.675,0.971741051
483.1,24.675,0.975332347
493.1,24.675,0.976401165
513.1,24.675,0.992477393
523.1,24.675,0.984868262
533.1,24.675,0.985568381
543.1,24.675,0.991016934
553.1,24.675,0.989183722
563.1,24.675,0.99211522
573.1,24.675,0.991538669
583.1,24.675,0.991556491
593.1,24.675,0.992168748
603.1,24.675,0.993377647
273.1,49.35,0.102389236
283.1,49.35,0.108261083
293.1,49.35,0.634899906
303.1,49.35,0.698365433
313.1,49.35,0.745155741
323.1,49.35,0.779064264
333.1,49.35,0.807897474
343.1,49.35,0.829893407
353.1,49.35,0.849312586
363.1,49.35,0.863064043
373.1,49.35,0.876225147
383.1,49.35,0.888452538
393.1,49.35,0.899375638
403.1,49.35,0.90986296
413.1,49.35,0.919682681
423.1,49.35,0.928587983
433.1,49.35,0.936320681
443.1,49.35,0.944105486
453.1,49.35,0.948748728
463.1,49.35,0.951429752
473.1,49.35,0.955158439
483.1,49.35,0.959959333
493.1,49.35,0.965864462
513.1,49.35,0.975592144
523.1,49.35,0.977263101
533.1,49.35,0.979736616
543.1,49.35,0.983024862
553.1,49.35,0.985113007
563.1,49.35,0.985875501
573.1,49.35,0.987301324
583.1,49.35,0.989396237
593.1,49.35,0.989968817
603.1,49.35,0.99113526
273.1,74.025,0.152456928
283.1,74.025,0.157470667
293.1,74.025,0.167307883
303.1,74.025,0.2000737
313.1,74.025,0.550380759
323.1,74.025,0.636316464
333.1,74.025,0.69087872
343.1,74.025,0.730872035
353.1,74.025,0.765768904
363.1,74.025,0.792131553
373.1,74.025,0.815795827
383.1,74.025,0.836823334
393.1,74.025,0.851262451
403.1,74.025,0.863612257
413.1,74.025,0.878910642
423.1,74.025,0.890704413
433.1,74.025,0.900909732
443.1,74.025,0.910079349
453.1,74.025,0.918913863
463.1,74.025,0.927258294
473.1,74.025,0.934949073
483.1,74.025,0.941815772
493.1,74.025,0.946569872
513.1,74.025,0.958084612
523.1,74.025,0.963621104
533.1,74.025,0.967648956
543.1,74.025,0.972567151
553.1,74.025,0.975743726
563.1,74.025,0.978354953
573.1,74.025,0.980318995
583.1,74.025,0.982971586
593.1,74.025,0.986323866
603.1,74.025,0.98742036
273.1,98.7,0.200129219
283.1,98.7,0.204677409
293.1,98.7,0.211336273
303.1,98.7,0.223441217
313.1,98.7,0.265125946
323.1,98.7,0.420187442
333.1,98.7,0.554373162
343.1,98.7,0.622922412
353.1,98.7,0.677149448
363.1,98.7,0.722426068
373.1,98.7,0.756251859
383.1,98.7,0.783247676
393.1,98.7,0.805298689
403.1,98.7,0.823725463
413.1,98.7,0.840680431
423.1,98.7,0.85676701
433.1,98.7,0.871585752
443.1,98.7,0.884051438
453.1,98.7,0.897051752
463.1,98.7,0.908354696
473.1,98.7,0.917578435
483.1,98.7,0.925906722
493.1,98.7,0.933137517
513.1,98.7,0.945216564
523.1,98.7,0.950652181
533.1,98.7,0.9552432
543.1,98.7,0.958860042
553.1,98.7,0.963309701
563.1,98.7,0.967618548
573.1,98.7,0.971728748
583.1,98.7,0.976629834
593.1,98.7,0.981265795
603.1,98.7,0.98446843
273.1,148.05,0.291763108
283.1,148.05,0.295381819
293.1,148.05,0.300819944
303.1,148.05,0.308348879
313.1,148.05,0.323217236
323.1,148.05,0.348755577
333.1,148.05,0.394853202
343.1,148.05,0.459405279
353.1,148.05,0.523216056
363.1,148.05,0.586559611
373.1,148.05,0.63940754
383.1,148.05,0.682121126
393.1,148.05,0.72174895
403.1,148.05,0.752199684
413.1,148.05,0.780144619
423.1,148.05,0.80342529
433.1,148.05,0.82290364
443.1,148.05,0.839352208
453.1,148.05,0.855262268
463.1,148.05,0.869892415
473.1,148.05,0.883772913
483.1,148.05,0.894187242
493.1,148.05,0.905090968
513.1,148.05,0.924337154
523.1,148.05,0.932269404
533.1,148.05,0.939583476
543.1,148.05,0.946145533
553.1,148.05,0.953082126
563.1,148.05,0.959719621
573.1,148.05,0.966646485
583.1,148.05,0.97175365
593.1,148.05,0.976259337
603.1,148.05,0.980073482
273.1,197.4,0.381367183
283.1,197.4,0.382958347
293.1,197.4,0.387129112
303.1,197.4,0.393228382
313.1,197.4,0.402021042
323.1,197.4,0.417352313
333.1,197.4,0.43921056
343.1,197.4,0.467404008
353.1,197.4,0.505437583
363.1,197.4,0.54782281
373.1,197.4,0.589609445
383.1,197.4,0.631535929
393.1,197.4,0.671115669
403.1,197.4,0.706746699
413.1,197.4,0.738926603
423.1,197.4,7.66E-05
433.1,197.4,0.791735066
443.1,197.4,0.817256441
453.1,197.4,0.833410648
463.1,197.4,0.849326819
473.1,197.4,0.864103196
483.1,197.4,0.878072534
493.1,197.4,0.890950877
513.1,197.4,0.913430521
523.1,197.4,0.923763296
533.1,197.4,0.932819651
543.1,197.4,0.940820707
553.1,197.4,0.948049349
563.1,197.4,0.954847948
573.1,197.4,0.961117046
583.1,197.4,0.966754386
593.1,197.4,0.972184947
603.1,197.4,0.976802937
273.1,246.75,0.468418388
283.1,246.75,0.467687881
293.1,246.75,0.47055342
303.1,246.75,0.475329247
313.1,246.75,0.482129613
323.1,246.75,0.490940221
333.1,246.75,0.503847835
343.1,246.75,0.522971181
353.1,246.75,0.545651203
363.1,246.75,0.573430662
373.1,246.75,0.603522423
383.1,246.75,0.634958731
393.1,246.75,0.666566746
403.1,246.75,0.696185944
413.1,246.75,0.725298516
423.1,246.75,0.753876537
433.1,246.75,0.780267234
443.1,246.75,0.803251038
453.1,246.75,0.822444718
463.1,246.75,0.839168302
473.1,246.75,0.855583683
483.1,246.75,0.870334676
493.1,246.75,0.885296144
513.1,246.75,0.911494603
523.1,246.75,0.922752983
533.1,246.75,0.932644507
543.1,246.75,0.942002186
553.1,246.75,0.950684912
563.1,246.75,0.959719621
573.1,246.75,0.967456072
583.1,246.75,0.974534062
593.1,246.75,0.980834659
603.1,246.75,0.986237466
273.1,296.1,0.552493484
283.1,296.1,0.550760998
293.1,296.1,0.551340052
303.1,296.1,0.554115321
313.1,296.1,0.559051515
323.1,296.1,0.566070408
333.1,296.1,0.575232355
343.1,296.1,0.58751652
353.1,296.1,0.60268659
363.1,296.1,0.621553224
373.1,296.1,0.642300787
383.1,296.1,0.665697664
393.1,296.1,0.690314965
403.1,296.1,0.714432906
413.1,296.1,0.73963711
423.1,296.1,0.762479148
433.1,296.1,0.783868468
443.1,296.1,0.806321708
453.1,296.1,0.824688452
463.1,296.1,0.842962085
473.1,296.1,0.859569253
483.1,296.1,0.875384795
493.1,296.1,0.889843647
513.1,296.1,0.916132978
523.1,296.1,0.927713414
533.1,296.1,0.93751456
543.1,296.1,0.947064419
553.1,296.1,0.95657327
563.1,296.1,0.96464126
573.1,296.1,0.972751621
583.1,296.1,0.979790448
593.1,296.1,0.986323866
603.1,296.1,0.993003211
273.1,345.45,0.636118317
283.1,345.45,0.632621288
293.1,345.45,0.630532199
303.1,345.45,0.631449262
313.1,345.45,0.633928939
323.1,345.45,0.638156756
333.1,345.45,0.644521403
343.1,345.45,0.65327764
353.1,345.45,0.66467474
363.1,345.45,0.67867905
373.1,345.45,0.693882205
383.1,345.45,0.711023148
393.1,345.45,0.729942178
403.1,345.45,0.750276945
413.1,345.45,0.770455323
423.1,345.45,0.789525699
433.1,345.45,0.808600384
443.1,345.45,0.825114676
453.1,345.45,0.840559794
463.1,345.45,0.855818894
473.1,345.45,0.872424831
483.1,345.45,0.886747736
493.1,345.45,0.901041344
513.1,345.45,0.927263272
523.1,345.45,0.939187916
533.1,345.45,0.950023292
543.1,345.45,0.960343928
553.1,345.45,0.970001288
563.1,345.45,0.97854884
573.1,345.45,0.986398029
583.1,345.45,0.993415659
593.1,345.45,0.99946644
603.1,345.45,1.005400864
273.1,394.8,0.718773954
283.1,394.8,0.712531526
293.1,394.8,0.708598091
303.1,394.8,0.70726991
313.1,394.8,0.707816103
323.1,394.8,0.710127244
333.1,394.8,0.714179552
343.1,394.8,0.720047458
353.1,394.8,0.727835025
363.1,394.8,0.737680229
373.1,394.8,0.749958916
383.1,394.8,0.762721185
393.1,394.8,0.776745291
403.1,394.8,0.79123283
413.1,394.8,0.807328499
423.1,394.8,0.82364639
433.1,394.8,0.840147585
443.1,394.8,0.855727614
453.1,394.8,0.869524592
463.1,394.8,0.882251543
473.1,394.8,0.894483172
483.1,394.8,0.907887005
493.1,394.8,0.919359111
513.1,394.8,0.944783971
523.1,394.8,0.955812672
533.1,394.8,0.966628974
543.1,394.8,0.976625601
553.1,394.8,0.985620013
563.1,394.8,0.99368751
573.1,394.8,1.001478233
583.1,394.8,1.009184161
593.1,394.8,1.016450624
603.1,394.8,1.02318187
273.1,444.15,0.800608677
283.1,444.15,0.791573282
293.1,444.15,0.785543725
303.1,444.15,0.782066482
313.1,444.15,0.780293788
323.1,444.15,0.780465607
333.1,444.15,0.782879968
343.1,444.15,0.787462625
353.1,444.15,0.792565421
363.1,444.15,0.799269611
373.1,444.15,0.807442969
383.1,444.15,0.817147599
393.1,444.15,0.828123368
403.1,444.15,0.838860601
413.1,444.15,0.852040977
423.1,444.15,0.866453577
433.1,444.15,0.880018654
443.1,444.15,0.89270854
453.1,444.15,0.903756521
463.1,444.15,0.914407166
473.1,444.15,0.925501673
483.1,444.15,0.936274628
493.1,444.15,0.946384525
513.1,444.15,0.965653679
523.1,444.15,0.975171357
533.1,444.15,0.984700039
543.1,444.15,0.994160168
553.1,444.15,1.003700045
563.1,444.15,1.013011854
573.1,444.15,1.021245869
583.1,444.15,1.028225372
593.1,444.15,1.034307189
603.1,444.15,1.039909547
273.1,493.5,0.879559202
283.1,493.5,0.869389127
293.1,493.5,0.861918113
303.1,493.5,0.856524664
313.1,493.5,0.852916263
323.1,493.5,0.851065011
333.1,493.5,0.851146803
343.1,493.5,0.852818639
353.1,493.5,0.855806246
363.1,493.5,0.860213631
373.1,493.5,0.866067565
383.1,493.5,0.873298894
393.1,493.5,0.881602347
403.1,493.5,0.890136934
413.1,493.5,0.898792525
423.1,493.5,0.908503848
433.1,493.5,0.919424669
443.1,493.5,0.930290742
453.1,493.5,0.940958327
463.1,493.5,0.950796942
473.1,493.5,0.959579711
483.1,493.5,0.968781865
493.1,493.5,0.976934038
503.1,493.5,0.984377049
513.1,493.5,0.99190514
523.1,493.5,0.999649065
533.1,493.5,1.007763165
543.1,493.5,1.016215781
553.1,493.5,1.024534392
563.1,493.5,1.032183086
573.1,493.5,1.039732268
583.1,493.5,1.046871537
593.1,493.5,1.053506222
603.1,493.5,1.059794642
273.1,592.2,1.036386636
283.1,592.2,1.022827514
293.1,592.2,1.011433043
303.1,592.2,1.002089647
313.1,592.2,0.994612034
323.1,592.2,0.98892984
333.1,592.2,0.984890911
343.1,592.2,0.982455757
353.1,592.2,0.981600803
363.1,592.2,0.98209734
373.1,592.2,0.98404488
383.1,592.2,0.987216483
393.1,592.2,0.99075723
403.1,592.2,0.995083651
413.1,592.2,0.999899381
423.1,592.2,1.005545536
433.1,592.2,1.011303771
443.1,592.2,1.017079176
453.1,592.2,1.023369415
463.1,592.2,1.029514084
473.1,592.2,1.035724617
483.1,592.2,1.041590079
493.1,592.2,0.000104733
503.1,592.2,1.053043831
513.1,592.2,1.058642552
523.1,592.2,1.064051049
533.1,592.2,1.069570711
543.1,592.2,1.074952045
553.1,592.2,1.079920875
563.1,592.2,1.084804185
573.1,592.2,1.089757122
583.1,592.2,1.094735732
593.1,592.2,1.099468754
603.1,592.2,1.104123018
273.1,690.9,1.190246812
283.1,690.9,1.172674905
293.1,690.9,1.157437401
303.1,690.9,1.144276564
313.1,690.9,1.133064567
323.1,690.9,1.123695865
333.1,690.9,1.115972686
343.1,690.9,1.10993448
353.1,690.9,1.105411896
363.1,690.9,1.102358845
373.1,690.9,1.099401767
383.1,690.9,1.100036949
393.1,690.9,1.100449585
403.1,690.9,1.10182039
413.1,690.9,1.103302631
423.1,690.9,1.105216475
433.1,690.9,1.107783573
443.1,690.9,1.110668102
453.1,690.9,1.11365306
463.1,690.9,1.116659218
473.1,690.9,1.119765623
483.1,690.9,1.122902386
493.1,690.9,1.126335427
503.1,690.9,1.129325627
513.1,690.9,1.132304563
523.1,690.9,1.135027548
533.1,690.9,1.137975863
543.1,690.9,1.140920047
553.1,690.9,1.144002202
563.1,690.9,1.146981986
573.1,690.9,1.149804173
583.1,690.9,1.152412582
593.1,690.9,1.15496362
603.1,690.9,1.157631051
273.1,789.6,1.340998965
283.1,789.6,1.319754161
293.1,789.6,1.300882024
303.1,789.6,1.284196831
313.1,789.6,1.269540132
323.1,789.6,1.256776853
333.1,789.6,1.245792147
343.1,789.6,1.236365028
353.1,789.6,1.228282139
363.1,789.6,1.221589809
373.1,789.6,1.216223403
383.1,789.6,1.211995308
393.1,789.6,1.20885124
403.1,789.6,1.206743618
413.1,789.6,1.205630805
423.1,789.6,1.205186281
433.1,789.6,1.205208633
443.1,789.6,1.205332202
453.1,789.6,1.205785618
463.1,789.6,1.20618965
473.1,789.6,1.206461744
483.1,789.6,1.207017405
493.1,789.6,1.207975574
503.1,789.6,1.20912312
513.1,789.6,1.210231849
523.1,789.6,0.000121124
533.1,789.6,1.212267149
543.1,789.6,1.213263655
553.1,789.6,1.214561399
563.1,789.6,1.215541491
573.1,789.6,1.216740013
583.1,789.6,1.217922555
593.1,789.6,1.219046926
603.1,789.6,1.220282564
273.1,888.3,1.491987447
283.1,888.3,1.465978555
293.1,888.3,1.442718789
303.1,888.3,1.421861919
313.1,888.3,1.40334917
323.1,888.3,1.386891125
333.1,888.3,1.372348715
343.1,888.3,1.359602235
353.1,888.3,1.348548875
363.1,888.3,1.338964105
373.1,888.3,1.330766943
383.1,888.3,1.323886927
393.1,888.3,1.318119617
403.1,888.3,1.313404312
413.1,888.3,1.309389346
423.1,888.3,1.305705773
433.1,888.3,1.302427608
443.1,888.3,1.299642129
453.1,888.3,1.297290159
463.1,888.3,1.295151259
473.1,888.3,1.29349226
483.1,888.3,1.292098222
493.1,888.3,1.29125989
503.1,888.3,1.290591929
513.1,888.3,1.29022061
523.1,888.3,1.289738309
533.1,888.3,1.2892684
543.1,888.3,1.288758586
553.1,888.3,1.288541954
563.1,888.3,1.288390724
573.1,888.3,1.288063552
583.1,888.3,1.287914244
593.1,888.3,1.287704993
603.1,888.3,1.287394129
273.1,987,1.637743542
283.1,987,1.607727331
293.1,987,1.580723586
303.1,987,1.556485225
313.1,987,1.534661162
323.1,987,1.515067206
333.1,987,1.497543777
343.1,987,1.48181025
353.1,987,1.467742467
363.1,987,1.4552312
373.1,987,1.444033305
383.1,987,1.434207022
393.1,987,1.425375271
403.1,987,1.417611258
413.1,987,1.410848087
423.1,987,1.404551842
433.1,987,1.398804404
443.1,987,1.393538003
453.1,987,1.388687695
463.1,987,1.384190949
473.1,987,1.380157429
483.1,987,1.376536362
493.1,987,1.373278714
503.1,987,1.370693772
513.1,987,1.368208494
523.1,987,1.366137597
533.1,987,1.364258347
543.1,987,1.362527125
553.1,987,1.360900857
563.1,987,1.359533432
573.1,987,1.357992711
583.1,987,1.356632928
593.1,987,1.355216077
603.1,987,1.353909713
273.1,1085.7,1.779130392
283.1,1085.7,1.745696195
293.1,1085.7,1.715533959
303.1,1085.7,1.688074254
313.1,1085.7,1.663228646
323.1,1085.7,1.640642704
333.1,1085.7,1.620135665
343.1,1085.7,1.601397634
353.1,1085.7,1.584437366
363.1,1085.7,1.569130617
373.1,1085.7,1.555057477
383.1,1085.7,1.542267103
393.1,1085.7,1.53050829
403.1,1085.7,1.51985101
413.1,1085.7,1.510217844
423.1,1085.7,1.501374181
433.1,1085.7,1.493248547
443.1,1085.7,1.485941794
453.1,1085.7,1.479227193
463.1,1085.7,1.473217494
473.1,1085.7,1.46751312
483.1,1085.7,1.462407124
493.1,1085.7,1.457674781
503.1,1085.7,1.453083321
513.1,1085.7,1.448946066
523.1,1085.7,1.445035721
533.1,1085.7,1.441306016
543.1,1085.7,1.437904463
553.1,1085.7,1.434599329
563.1,1085.7,1.431545249
573.1,1085.7,1.428707581
583.1,1085.7,1.425848894
593.1,1085.7,1.423133962
603.1,1085.7,1.420530035
273.1,1184.4,1.92306632
283.1,1184.4,1.885204759
293.1,1184.4,1.850725638
303.1,1184.4,1.819325272
313.1,1184.4,1.790740396
323.1,1184.4,1.764742017
333.1,1184.4,1.741130383
343.1,1184.4,1.719571189
353.1,1184.4,1.699748071
363.1,1184.4,1.681519722
373.1,1184.4,1.664921989
383.1,1184.4,1.649680368
393.1,1184.4,1.635691671
403.1,1184.4,1.622862107
413.1,1184.4,1.611106072
423.1,1184.4,1.600345112
433.1,1184.4,1.590162301
443.1,1184.4,1.580653575
453.1,1184.4,1.571750471
463.1,1184.4,1.563566452
473.1,1184.4,1.555866144
483.1,1184.4,1.548591254
493.1,1184.4,1.541870485
503.1,1184.4,1.535656917
513.1,1184.4,1.529716915
523.1,1184.4,1.524192056
533.1,1184.4,1.518847642
543.1,1184.4,1.513832853
553.1,1184.4,1.509307515
563.1,1184.4,1.504840365
573.1,1184.4,1.500591133
583.1,1184.4,1.496730149
593.1,1184.4,1.4928145
603.1,1184.4,1.489013718
273.1,1283.1,2.064554718
283.1,1283.1,2.022938762
293.1,1283.1,1.984793132
303.1,1283.1,1.949788333
313.1,1283.1,1.917804459
323.1,1283.1,1.888423054
333.1,1283.1,1.861423718
343.1,1283.1,1.836611988
353.1,1283.1,1.81381566
363.1,1283.1,1.792881715
373.1,1283.1,1.773503278
383.1,1283.1,1.755726644
393.1,1283.1,1.739269234
403.1,1283.1,1.72402821
413.1,1283.1,1.709909669
423.1,1283.1,1.69682751
433.1,1283.1,1.684702472
443.1,1283.1,1.673100903
453.1,1283.1,1.662308241
463.1,1283.1,1.652077043
473.1,1283.1,1.642527537
483.1,1283.1,1.63341619
493.1,1283.1,1.624684276
503.1,1283.1,1.616657604
513.1,1283.1,1.608908195
523.1,1283.1,1.601774303
533.1,1283.1,1.59482441
543.1,1283.1,1.588209549
553.1,1283.1,1.581889434
563.1,1283.1,1.576028354
573.1,1283.1,1.570184618
583.1,1283.1,1.564522948
593.1,1283.1,1.559217509
603.1,1283.1,1.554028848
273.1,1381.8,2.206381941
283.1,1381.8,2.159686758
293.1,1381.8,2.117076897
303.1,1381.8,2.078010907
313.1,1381.8,2.042350104
323.1,1381.8,2.009643309
333.1,1381.8,1.979650586
343.1,1381.8,1.951984854
353.1,1381.8,1.926459117
363.1,1381.8,1.902907022
373.1,1381.8,1.88100202
383.1,1381.8,1.860429691
393.1,1381.8,1.84124423
403.1,1381.8,1.823514384
413.1,1381.8,1.806959347
423.1,1381.8,1.791668789
433.1,1381.8,0.000177756
443.1,1381.8,1.763630441
453.1,1381.8,1.75072409
463.1,1381.8,1.738777136
473.1,1381.8,1.727539646
483.1,1381.8,1.71695154
493.1,1381.8,1.706956289
503.1,1381.8,1.697305014
513.1,1381.8,1.688139116
523.1,1381.8,1.67921147
533.1,1381.8,1.670470934
543.1,1381.8,1.662273138
553.1,1381.8,1.65437712
563.1,1381.8,1.646948492
573.1,1381.8,1.639746078
583.1,1381.8,1.632942139
593.1,1381.8,1.626506145
603.1,1381.8,1.620195277
613.1,24.675,0.995187553
623.1,24.675,0.997605031
633.1,24.675,0.995873961
643.1,24.675,0.999425107
653.1,24.675,0.998665999
663.1,24.675,0.998359516
673.1,24.675,0.998504827
683.1,24.675,0.999102326
693.1,24.675,1.000153639
703.1,24.675,1.001661631
713.1,24.675,1.00363043
723.1,24.675,1.000567827
733.1,24.675,1.003368034
743.1,24.675,1.000987656
753.1,24.675,1.004628025
763.1,24.675,1.002924934
773.1,24.675,1.001530551
783.1,24.675,1.006397339
793.1,24.675,1.005680311
803.1,24.675,1.005269512
813.1,24.675,1.005164194
823.1,24.675,1.005364165
833.1,24.675,1.005869788
843.1,24.675,1.00027
853.1,24.675,1.001300298
863.1,24.675,1.002636332
873.1,24.675,1.004280546
883.1,24.675,1.006235957
893.1,24.675,1.001691943
903.1,24.675,1.004170104
913.1,24.675,1.006966797
923.1,24.675,1.003023705
933.1,24.675,1.006349148
943.1,24.675,1.010004806
613.1,49.35,0.992899765
623.1,49.35,0.99526872
633.1,49.35,0.995873961
643.1,49.35,0.997005192
653.1,49.35,0.998665999
663.1,49.35,0.998359516
673.1,49.35,1.001045552
683.1,49.35,1.001683986
693.1,49.35,1.000153639
703.1,49.35,1.001661631
713.1,49.35,1.00363043
723.1,49.35,1.003309109
733.1,49.35,1.003368034
743.1,49.35,1.003807339
753.1,49.35,1.004628025
763.1,49.35,1.005831963
773.1,49.35,1.007421907
783.1,49.35,1.006397339
793.1,49.35,1.00871862
803.1,49.35,1.008343731
813.1,49.35,1.008276158
823.1,49.35,1.008515776
833.1,49.35,1.009063025
843.1,49.35,1.009918907
853.1,49.35,1.007802248
863.1,49.35,1.009232624
873.1,49.35,1.007617026
883.1,49.35,1.009623957
893.1,49.35,1.008506174
903.1,49.35,1.00762086
913.1,49.35,1.010475392
923.1,49.35,1.010087252
933.1,49.35,1.009930462
943.1,49.35,1.010004806
613.1,74.025,0.989110072
623.1,74.025,0.99139909
633.1,74.025,0.994295714
643.1,74.025,0.996201155
653.1,74.025,0.997028841
663.1,74.025,0.998359516
673.1,74.025,0.998504827
683.1,74.025,0.999102326
693.1,74.025,1.000153639
703.1,74.025,1.001661631
713.1,74.025,1.001825339
723.1,74.025,1.00422621
733.1,74.025,1.00522957
743.1,74.025,1.006642953
753.1,74.025,1.006545254
763.1,74.025,1.008755893
773.1,74.025,1.009401125
783.1,74.025,1.01040689
793.1,74.025,1.009735473
803.1,74.025,1.01143681
813.1,74.025,1.01140745
823.1,74.025,1.01168721
833.1,74.025,1.012276602
843.1,74.025,1.01317671
853.1,74.025,1.012183997
863.1,74.025,1.013678583
873.1,74.025,1.013227366
883.1,74.025,1.013034848
893.1,74.025,1.013100735
903.1,74.025,1.013425128
913.1,74.025,1.014008523
923.1,74.025,1.014851815
933.1,74.025,1.0159563
943.1,74.025,1.014872299
613.1,98.7,0.988355602
623.1,98.7,0.991784698
633.1,98.7,0.993508465
643.1,98.7,0.994596967
653.1,98.7,0.996212274
663.1,98.7,0.997113125
673.1,98.7,0.998504827
683.1,98.7,1.001683986
693.1,98.7,1.004096426
703.1,98.7,1.005673627
713.1,98.7,1.007715764
723.1,98.7,1.008836983
733.1,98.7,1.010384594
743.1,98.7,1.01092654
753.1,98.7,1.011855565
763.1,98.7,1.011696873
773.1,98.7,1.011886111
783.1,98.7,1.010910331
793.1,98.7,1.010244669
803.1,98.7,1.01143681
813.1,98.7,1.01140745
823.1,98.7,1.013280418
833.1,98.7,1.012276602
843.1,98.7,1.014813506
853.1,98.7,1.014389191
863.1,98.7,1.015916284
873.1,98.7,1.01605603
883.1,98.7,1.016468865
893.1,98.7,1.017155455
903.1,98.7,1.018116911
913.1,98.7,1.017566447
923.1,98.7,1.019057832
933.1,98.7,1.018996265
943.1,98.7,1.019170004
613.1,148.05,0.983106368
623.1,148.05,0.98679507
633.1,148.05,0.989590845
643.1,148.05,0.992200348
653.1,148.05,0.995397043
663.1,148.05,0.997528243
673.1,148.05,1.001895336
683.1,148.05,1.004279022
693.1,148.05,1.006300325
703.1,148.05,1.007916431
713.1,148.05,1.009999798
723.1,148.05,1.011623825
733.1,148.05,1.012745305
743.1,148.05,1.014283507
753.1,148.05,1.016242222
763.1,148.05,1.017630579
773.1,148.05,1.018404703
783.1,148.05,1.019546249
793.1,148.05,1.020017912
803.1,148.05,1.019778557
813.1,148.05,1.020919119
823.1,148.05,1.021322326
833.1,148.05,1.022041328
843.1,148.05,1.023077459
853.1,148.05,1.024432648
863.1,148.05,1.024966763
873.1,148.05,1.025792756
883.1,148.05,1.026912038
893.1,148.05,1.027139083
903.1,148.05,1.027632022
913.1,148.05,1.027177464
923.1,148.05,1.028189174
933.1,148.05,1.028226304
943.1,148.05,1.028503063
613.1,197.4,0.981059393
623.1,197.4,0.985460274
633.1,197.4,0.989981216
643.1,197.4,0.993996727
653.1,197.4,0.998051435
663.1,197.4,1.002117457
673.1,197.4,1.005523072
683.1,197.4,1.008196886
693.1,197.4,1.010737275
703.1,197.4,1.013113042
713.1,197.4,1.014599069
723.1,197.4,1.016538028
733.1,197.4,1.018217032
743.1,197.4,1.021064772
753.1,197.4,1.023638454
763.1,197.4,1.027422731
773.1,197.4,1.023221654
783.1,197.4,1.025472345
793.1,197.4,1.026551462
803.1,197.4,1.027191277
813.1,197.4,1.028171109
823.1,197.4,1.029492905
833.1,197.4,1.030323673
843.1,197.4,1.030630944
853.1,197.4,1.039876356
863.1,197.4,1.032150438
873.1,197.4,1.033365332
883.1,197.4,1.03399419
893.1,197.4,1.034906859
903.1,197.4,1.035190363
913.1,197.4,1.035737277
923.1,197.4,1.036548436
933.1,197.4,1.036677479
943.1,197.4,1.036093491
613.1,246.75,1.013400746
623.1,246.75,0.994337256
633.1,246.75,0.998250749
643.1,246.75,1.002832792
653.1,246.75,1.006100237
663.1,246.75,1.009463616
673.1,246.75,1.012901395
683.1,246.75,1.015326618
693.1,246.75,1.018280091
703.1,246.75,1.020663342
713.1,246.75,1.022984185
723.1,246.75,1.025217874
733.1,246.75,1.027339284
743.1,246.75,1.028728653
753.1,246.75,1.030538713
763.1,246.75,1.03154586
773.1,246.75,1.032941642
783.1,246.75,1.03472921
793.1,246.75,1.036268973
803.1,246.75,1.037534298
813.1,246.75,1.039161452
823.1,246.75,1.040480377
833.1,246.75,1.041464132
843.1,246.75,1.042778154
853.1,246.75,1.04372257
863.1,246.75,1.044982009
873.1,246.75,1.045836982
883.1,246.75,1.046260695
893.1,246.75,1.046966155
903.1,246.75,1.047954504
913.1,246.75,1.048468682
923.1,246.75,1.048482382
933.1,246.75,1.049520931
943.1,246.75,1.050042394
613.1,296.1,0.99863907
623.1,296.1,1.003889157
633.1,296.1,1.008277373
643.1,296.1,1.012532322
653.1,296.1,1.016186455
663.1,296.1,1.019601208
673.1,296.1,1.022731981
683.1,296.1,1.02598598
693.1,296.1,1.02934537
703.1,296.1,1.032320073
713.1,296.1,1.035343659
723.1,296.1,1.037905975
733.1,296.1,1.040458451
743.1,296.1,1.042980309
753.1,296.1,1.044415274
763.1,296.1,1.045741921
773.1,296.1,1.04747232
783.1,296.1,1.049067753
793.1,296.1,1.050506124
803.1,296.1,1.051206376
813.1,296.1,1.052255893
823.1,296.1,1.05308194
833.1,296.1,1.054244952
843.1,296.1,1.055156036
853.1,296.1,1.056391692
863.1,296.1,1.056739556
873.1,296.1,1.056769076
883.1,296.1,1.057079842
893.1,296.1,1.057672349
903.1,296.1,1.057911017
913.1,296.1,1.058417655
923.1,296.1,1.058541622
933.1,296.1,1.058919626
943.1,296.1,1.059552212
613.1,345.45,1.010825739
623.1,345.45,1.016003485
633.1,345.45,1.021231059
643.1,345.45,1.026109651
653.1,345.45,1.030576895
663.1,345.45,1.034952479
673.1,345.45,1.039198609
683.1,345.45,1.042474805
693.1,345.45,1.045917415
703.1,345.45,1.049094076
713.1,345.45,1.051963907
723.1,345.45,1.054485715
733.1,345.45,1.056618239
743.1,345.45,1.058769626
753.1,345.45,1.060921837
763.1,345.45,1.06259151
773.1,345.45,1.06420956
783.1,345.45,1.074953016
793.1,345.45,1.066727997
803.1,345.45,1.068069783
813.1,345.45,1.069283486
823.1,345.45,1.070349681
833.1,345.45,1.071248903
843.1,345.45,1.071961707
853.1,345.45,1.07246873
863.1,345.45,1.072750761
873.1,345.45,1.07278882
883.1,345.45,1.072564234
893.1,345.45,1.072612768
903.1,345.45,1.072373925
913.1,345.45,1.072395701
923.1,345.45,1.072678129
933.1,345.45,1.072642127
943.1,345.45,1.07285445
613.1,394.8,1.029279471
623.1,394.8,1.035273431
633.1,394.8,1.041112791
643.1,394.8,1.045747668
653.1,394.8,1.049730474
663.1,394.8,1.053330185
673.1,394.8,1.056491177
683.1,394.8,1.059157657
693.1,394.8,1.062011647
703.1,394.8,1.06466367
713.1,394.8,1.067078331
723.1,394.8,1.070000949
733.1,394.8,1.072244875
743.1,394.8,1.074967136
753.1,394.8,1.076936627
763.1,394.8,1.078933626
773.1,394.8,1.08051561
783.1,394.8,1.08164576
793.1,394.8,1.082726755
803.1,394.8,1.08374166
813.1,394.8,1.085125194
823.1,394.8,1.08596298
833.1,394.8,1.087147851
843.1,394.8,1.087739498
853.1,394.8,1.088179114
863.1,394.8,1.08893245
873.1,394.8,1.08951136
883.1,394.8,1.089898465
893.1,394.8,1.090577711
903.1,394.8,1.091042494
913.1,394.8,1.0912754
923.1,394.8,1.091778419
933.1,394.8,1.0925523
943.1,394.8,1.093066029
613.1,444.15,1.046071739
623.1,444.15,1.051640828
633.1,444.15,1.05711979
643.1,444.15,1.062462241
653.1,444.15,1.066995777
663.1,444.15,1.071265055
673.1,444.15,1.075219592
683.1,444.15,1.079141764
693.1,444.15,1.084025287
703.1,444.15,1.087463253
713.1,444.15,1.09040435
723.1,444.15,1.091709315
733.1,444.15,1.093111106
743.1,444.15,1.094969085
753.1,444.15,1.09652747
763.1,444.15,1.098525588
773.1,444.15,1.100182383
783.1,444.15,1.101862981
793.1,444.15,1.103147125
803.1,444.15,1.104823381
813.1,444.15,1.106059921
823.1,444.15,1.107669776
833.1,444.15,1.108795999
843.1,444.15,1.109404639
853.1,444.15,1.109903787
863.1,444.15,1.110277627
873.1,444.15,1.110962362
883.1,444.15,1.111501168
893.1,444.15,1.111878057
903.1,444.15,1.112077131
913.1,444.15,1.112556665
923.1,444.15,1.112358042
933.1,444.15,1.111934758
943.1,444.15,1.11176068
613.1,493.5,1.065658519
623.1,493.5,1.07128748
633.1,493.5,1.076620499
643.1,493.5,1.081026895
653.1,493.5,1.085274078
663.1,493.5,1.08902047
673.1,493.5,1.092504587
683.1,493.5,1.095680335
693.1,493.5,1.098501121
703.1,493.5,1.101242027
713.1,493.5,1.103874135
723.1,493.5,1.106033901
733.1,493.5,1.108353766
743.1,493.5,1.110475555
753.1,493.5,1.112368899
763.1,493.5,1.114361038
773.1,493.5,1.11643888
783.1,493.5,1.118219265
793.1,493.5,1.119670903
803.1,493.5,1.120762746
813.1,493.5,1.121850496
823.1,493.5,1.122528027
833.1,493.5,1.123162025
843.1,493.5,1.123738032
853.1,493.5,1.124241551
863.1,493.5,1.12548319
873.1,493.5,1.126226234
883.1,493.5,1.126863266
893.1,493.5,1.127379525
903.1,493.5,1.127326683
913.1,493.5,1.12711402
923.1,493.5,1.126727335
933.1,493.5,1.126152618
943.1,493.5,1.12582733
613.1,592.2,1.108412484
623.1,592.2,1.112755165
633.1,592.2,1.116867994
643.1,592.2,1.120698056
653.1,592.2,1.124451293
663.1,592.2,1.128089849
673.1,592.2,1.131574981
683.1,592.2,1.134867146
693.1,592.2,1.137926106
703.1,592.2,1.140423235
713.1,592.2,1.142594643
723.1,592.2,1.144399452
733.1,592.2,1.146099922
743.1,592.2,1.147978326
753.1,592.2,1.149710547
763.1,592.2,1.151270204
773.1,592.2,1.152954104
783.1,592.2,1.154422211
793.1,592.2,1.155314405
803.1,592.2,1.156265576
813.1,592.2,1.156920778
823.1,592.2,1.157600717
833.1,592.2,0.000115829
843.1,592.2,1.158628146
853.1,592.2,1.158941228
863.1,592.2,1.159219336
873.1,592.2,1.159449729
883.1,592.2,1.159619652
893.1,592.2,1.159716357
903.1,592.2,1.159727107
913.1,592.2,1.159639203
923.1,592.2,1.159439998
933.1,592.2,1.159116922
943.1,592.2,1.159056083
613.1,690.9,1.160161084
623.1,690.9,1.162735276
633.1,690.9,1.165321173
643.1,690.9,1.168122395
653.1,690.9,1.170878205
663.1,690.9,1.173308141
673.1,690.9,1.175865206
683.1,690.9,1.17852852
693.1,690.9,1.180755333
703.1,690.9,1.182495363
713.1,690.9,1.183968487
723.1,690.9,1.185412612
733.1,690.9,1.187083308
743.1,690.9,1.188687748
753.1,690.9,1.190202448
763.1,690.9,1.191603724
773.1,690.9,1.192867731
783.1,690.9,1.193970513
793.1,690.9,1.194582695
803.1,690.9,1.194977375
813.1,690.9,1.195131005
823.1,690.9,1.195337436
833.1,690.9,1.195264019
843.1,690.9,1.195212536
853.1,690.9,1.195171423
863.1,690.9,1.195129117
873.1,690.9,1.195074063
883.1,690.9,1.194994709
893.1,690.9,1.194879509
903.1,690.9,1.194369329
913.1,690.9,1.193793039
923.1,690.9,1.193139309
933.1,690.9,1.19275486
943.1,690.9,1.192277436
613.1,789.6,1.221382532
623.1,789.6,1.222303774
633.1,789.6,1.223450278
643.1,789.6,1.224346833
653.1,789.6,1.225181176
663.1,789.6,1.226156381
673.1,789.6,1.227012559
683.1,789.6,1.227960254
693.1,789.6,1.228978496
703.1,789.6,1.229795178
713.1,789.6,1.230632176
723.1,789.6,1.231468095
733.1,789.6,1.232281423
743.1,789.6,1.233050538
753.1,789.6,1.233753715
763.1,789.6,1.23436915
773.1,789.6,1.234874983
783.1,789.6,1.23496738
793.1,789.6,1.235184696
803.1,789.6,1.235226973
813.1,789.6,1.235365382
823.1,789.6,1.235292662
833.1,789.6,1.23528726
843.1,789.6,1.235338368
853.1,789.6,1.235127948
863.1,789.6,1.234634679
873.1,789.6,1.234151474
883.1,789.6,1.233667534
893.1,789.6,1.233172093
903.1,789.6,1.232654421
913.1,789.6,1.231776745
923.1,789.6,1.230849148
933.1,789.6,1.229861148
943.1,789.6,1.228802346
613.1,888.3,1.287153173
623.1,888.3,1.286734294
633.1,888.3,1.286315932
643.1,888.3,1.285866863
653.1,888.3,1.285355956
663.1,888.3,0.000128475
673.1,888.3,1.284257569
683.1,888.3,1.283614909
693.1,888.3,1.282793587
703.1,888.3,1.282005658
713.1,888.3,1.281230336
723.1,888.3,1.280695715
733.1,888.3,1.280138779
743.1,888.3,1.279538978
753.1,888.3,1.278875846
763.1,888.3,1.278390604
773.1,888.3,1.278072569
783.1,888.3,1.277642969
793.1,888.3,1.27735293
803.1,888.3,1.276917212
813.1,888.3,1.276315607
823.1,888.3,1.275809118
833.1,888.3,1.275103043
843.1,888.3,1.274464842
853.1,888.3,1.2738841
863.1,888.3,0.000127335
873.1,888.3,1.27285359
883.1,888.3,1.272383232
893.1,888.3,1.27192914
903.1,888.3,1.271481105
913.1,888.3,1.270719541
923.1,888.3,1.269937539
933.1,888.3,1.268809805
943.1,888.3,1.267635829
613.1,987,1.352470324
623.1,987,1.351072145
633.1,987,1.349466249
643.1,987,1.347833533
653.1,987,1.346143411
663.1,987,1.344591941
673.1,987,1.342928492
683.1,987,1.341355372
693.1,987,1.339851622
703.1,987,1.338158725
713.1,987,1.336488246
723.1,987,1.334819846
733.1,987,1.333133391
743.1,987,1.33140895
753.1,987,1.329626806
763.1,987,1.328021536
773.1,987,1.326325067
783.1,987,1.324777692
793.1,987,1.323368463
803.1,987,1.322086608
813.1,987,1.320653686
823.1,987,1.319321438
833.1,987,1.318079424
843.1,987,1.316917317
853.1,987,1.315546058
863.1,987,1.314228819
873.1,987,1.312955519
883.1,987,1.311716164
893.1,987,1.310500841
903.1,987,1.309299711
913.1,987,1.307808061
923.1,987,1.306305918
933.1,987,1.304783723
943.1,987,1.303232008
613.1,1085.7,1.417793309
623.1,1085.7,1.415098283
633.1,1085.7,1.412413723
643.1,1085.7,1.409928276
653.1,1085.7,1.407397397
663.1,1085.7,1.404791132
673.1,1085.7,1.40208
683.1,1085.7,1.39946463
693.1,1085.7,1.396923912
703.1,1085.7,1.39443706
713.1,1085.7,1.391983592
723.1,1085.7,1.389543316
733.1,1085.7,1.387096322
743.1,1085.7,1.384622981
753.1,1085.7,1.382350928
763.1,1085.7,1.380018908
773.1,1085.7,1.37760802
783.1,1085.7,1.375353879
793.1,1085.7,1.372988596
803.1,1085.7,1.370494011
813.1,1085.7,1.368113496
823.1,1085.7,1.365836302
833.1,1085.7,1.363385995
843.1,1085.7,1.361013425
853.1,1085.7,1.358438041
863.1,1085.7,1.355915586
873.1,1085.7,1.353710681
883.1,1085.7,1.351543317
893.1,1085.7,1.349403793
903.1,1085.7,1.347282529
913.1,1085.7,1.345170066
923.1,1085.7,1.343057066
933.1,1085.7,1.341222366
943.1,1085.7,1.339373242
613.1,1184.4,1.485294963
623.1,1184.4,1.481626066
633.1,1184.4,0.000147798
643.1,1184.4,1.474532298
653.1,1184.4,1.471050868
663.1,1184.4,1.467501356
673.1,1184.4,1.463854519
683.1,1184.4,1.460081742
693.1,1184.4,1.456386366
703.1,1184.4,1.452747438
713.1,1184.4,1.448908831
723.1,1184.4,1.445319486
733.1,1184.4,1.441726229
743.1,1184.4,1.438109725
753.1,1184.4,1.434694902
763.1,1184.4,1.431223347
773.1,1184.4,1.427924746
783.1,1184.4,1.424787244
793.1,1184.4,1.421547049
803.1,1184.4,1.418440868
813.1,1184.4,1.415457583
823.1,1184.4,1.412327928
833.1,1184.4,1.409295487
843.1,1184.4,1.406349761
853.1,1184.4,1.403480448
863.1,1184.4,1.400677425
873.1,1184.4,1.397662326
883.1,1184.4,1.394689838
893.1,1184.4,1.391750355
903.1,1184.4,1.388834436
913.1,1184.4,1.385932796
923.1,1184.4,1.383036302
933.1,1184.4,1.380135975
943.1,1184.4,1.377222985
613.1,1283.1,1.549137308
623.1,1283.1,1.544300954
633.1,1283.1,1.539706025
643.1,1283.1,1.535107793
653.1,1283.1,1.530698168
663.1,1283.1,1.526229453
673.1,1283.1,1.521672634
683.1,1283.1,1.517227799
693.1,1283.1,1.512873278
703.1,1283.1,1.50835553
713.1,1283.1,1.503882358
723.1,1283.1,1.499433613
733.1,1283.1,1.495227639
743.1,1283.1,1.491010902
753.1,1283.1,1.487006348
763.1,1283.1,1.482957382
773.1,1283.1,1.479091457
783.1,1283.1,1.475396401
793.1,1283.1,1.471610856
803.1,1283.1,1.467717583
813.1,1283.1,1.463952831
823.1,1283.1,1.460305491
833.1,1283.1,1.456764706
843.1,1283.1,1.45306126
853.1,1283.1,1.449439727
863.1,1283.1,1.445889915
873.1,1283.1,1.442401837
883.1,1283.1,1.438965705
893.1,1283.1,1.435571917
903.1,1283.1,1.432211052
913.1,1283.1,1.428873863
923.1,1283.1,1.425551275
933.1,1283.1,1.42250857
943.1,1283.1,1.419190268
613.1,1381.8,1.613975596
623.1,1381.8,1.608031461
633.1,1381.8,1.602117344
643.1,1381.8,1.596423157
653.1,1381.8,1.591147172
663.1,1381.8,1.585821384
673.1,1381.8,1.580643601
683.1,1381.8,1.575591185
693.1,1381.8,1.570642097
703.1,1381.8,1.565774855
713.1,1381.8,1.560734202
723.1,1381.8,1.555730404
733.1,1381.8,1.550743604
743.1,1381.8,1.545754447
753.1,1381.8,1.540744076
763.1,1381.8,1.53593689
773.1,1381.8,1.53107544
783.1,1381.8,1.526142193
793.1,1381.8,1.521367643
803.1,1381.8,1.516739806
813.1,1381.8,1.511996281
823.1,1381.8,1.507625592
833.1,1381.8,1.503113644
843.1,1381.8,1.498700382
853.1,1381.8,1.494375272
863.1,1381.8,1.49012803
873.1,1381.8,1.485948608
883.1,1381.8,1.481827184
893.1,1381.8,1.477754152
903.1,1381.8,1.473984698
913.1,1381.8,1.470248099
923.1,1381.8,1.466535298
933.1,1381.8,1.462837422
943.1,1381.8,1.45914577
953.1,24.675,1.006649842
963.1,24.675,1.010847623
973.1,24.675,1.007870525
983.1,24.675,1.012620344
993.1,24.675,1.010017904
1003.1,24.675,1.007582137
1013.1,24.675,1.00531073
1023.1,24.675,1.011039053
1033.1,24.675,1.009136473
1043.1,24.675,1.007394313
1053.1,24.675,1.005810951
1063.1,24.675,1.004384917
1073.1,24.675,1.011337148
1083.1,24.675,1.010280707
1093.1,24.675,1.009380348
1103.1,24.675,1.008635244
1113.1,24.675,1.008044711
1123.1,24.675,1.007608208
1133.1,24.675,1.007325334
1143.1,24.675,1.007195833
1153.1,24.675,1.007219585
1163.1,24.675,1.007396613
1173.1,24.675,1.007727077
1183.1,24.675,1.008211281
1193.1,24.675,1.008849666
1203.1,24.675,1.009642819
1213.1,24.675,1.010591468
1223.1,24.675,1.011696486
1233.1,24.675,1.012958895
1243.1,24.675,1.004810243
1253.1,24.675,1.006284901
1263.1,24.675,1.007917327
1273.1,24.675,1.009709035
953.1,49.35,1.010310386
963.1,49.35,1.010847623
973.1,49.35,1.011617255
983.1,49.35,1.012620344
993.1,49.35,1.013858276
1003.1,49.35,1.011442605
1013.1,49.35,1.009192238
1023.1,49.35,1.011039053
1033.1,49.35,1.013125154
1043.1,49.35,1.011407836
1053.1,49.35,1.009850352
1063.1,49.35,1.012550648
1073.1,49.35,1.011337148
1083.1,49.35,1.010280707
1093.1,49.35,1.013603697
1103.1,49.35,1.012891089
1113.1,49.35,1.012334263
1123.1,49.35,1.011932706
1133.1,49.35,1.01168605
1143.1,49.35,1.016030884
1153.1,49.35,1.016133033
1163.1,49.35,1.016391225
1173.1,49.35,1.012246033
1183.1,49.35,1.012773323
1193.1,49.35,1.013456286
1203.1,49.35,1.014295551
1213.1,49.35,1.015291893
1223.1,49.35,1.016446235
1233.1,49.35,1.017759648
1243.1,49.35,1.019233357
1253.1,49.35,1.015960718
1263.1,49.35,1.012786492
1273.1,49.35,1.014634445
953.1,74.025,1.013997651
963.1,74.025,1.013331278
973.1,74.025,1.015391947
983.1,74.025,1.015164616
993.1,74.025,1.015144898
1003.1,74.025,1.015332769
1013.1,74.025,1.015728457
1023.1,74.025,1.016332451
1033.1,74.025,1.017145492
1043.1,74.025,1.018168584
1053.1,74.025,1.016655274
1063.1,74.025,1.018068635
1073.1,74.025,1.016893946
1083.1,74.025,1.018699712
1093.1,74.025,1.017862536
1103.1,74.025,1.017183001
1113.1,74.025,1.016660478
1123.1,74.025,1.016294485
1133.1,74.025,1.016084685
1143.1,74.025,1.016030884
1153.1,74.025,1.016133033
1163.1,74.025,1.016391225
1173.1,74.025,1.016805699
1183.1,74.025,1.017376838
1193.1,74.025,1.018105168
1203.1,74.025,1.018991364
1213.1,74.025,1.016868433
1223.1,74.025,1.018039411
1233.1,74.025,1.016154349
1243.1,74.025,1.014379865
1253.1,74.025,1.015960718
1263.1,74.025,1.017702932
1273.1,74.025,1.016286944
953.1,98.7,1.019579289
963.1,98.7,1.018335383
973.1,98.7,1.019194913
983.1,98.7,1.018362993
993.1,98.7,1.019673907
1003.1,98.7,1.019252972
1013.1,98.7,1.01902842
1023.1,98.7,1.01899999
1033.1,98.7,1.01916765
1043.1,98.7,1.019531594
1053.1,98.7,1.020092242
1063.1,98.7,1.020850243
1073.1,98.7,1.019695306
1083.1,98.7,1.020826434
1093.1,98.7,1.020005404
1103.1,98.7,1.019342625
1113.1,98.7,1.021023828
1123.1,98.7,1.020694029
1133.1,98.7,1.020521736
1143.1,98.7,1.020506791
1153.1,98.7,1.02064918
1163.1,98.7,1.020949033
1173.1,98.7,1.02140663
1183.1,98.7,1.022022394
1193.1,98.7,1.022796896
1203.1,98.7,1.026117177
1213.1,98.7,1.027236504
1223.1,98.7,1.026080796
1233.1,98.7,1.02504671
1243.1,98.7,1.026601309
1253.1,98.7,1.025824414
1263.1,98.7,1.025167745
1273.1,98.7,1.022113323
953.1,148.05,1.029019838
963.1,148.05,1.028493342
973.1,148.05,1.028180258
983.1,148.05,1.028080197
993.1,148.05,1.028193033
1003.1,148.05,1.028518908
1013.1,148.05,1.029058227
1023.1,148.05,1.029811661
1033.1,148.05,1.03078015
1043.1,148.05,1.030568472
1053.1,148.05,1.030544007
1063.1,148.05,1.030706728
1073.1,148.05,1.031056814
1083.1,148.05,1.030145777
1093.1,148.05,1.030856526
1103.1,148.05,1.031755823
1113.1,148.05,1.029863861
1123.1,148.05,1.031109274
1133.1,148.05,1.031027107
1143.1,148.05,1.031105526
1153.1,148.05,1.029802984
1163.1,148.05,1.030188391
1173.1,148.05,1.030734545
1183.1,148.05,1.029859989
1193.1,148.05,1.030713281
1203.1,148.05,1.030119194
1213.1,148.05,1.031280742
1223.1,148.05,1.030966895
1233.1,148.05,1.032438874
1243.1,148.05,1.032406001
1253.1,148.05,1.032507309
1263.1,148.05,1.032742877
1273.1,148.05,1.033112887
953.1,197.4,1.036699091
963.1,197.4,1.037549258
973.1,197.4,1.038645197
983.1,197.4,1.03898558
993.1,197.4,1.039550591
1003.1,197.4,1.040340965
1013.1,197.4,1.040321551
1023.1,197.4,1.040506523
1033.1,197.4,1.040896098
1043.1,197.4,1.041490736
1053.1,197.4,1.041212164
1063.1,197.4,1.041117907
1073.1,197.4,1.041207866
1083.1,197.4,1.041482134
1093.1,197.4,1.040821841
1103.1,197.4,1.041454179
1113.1,197.4,1.041131518
1123.1,197.4,1.040972718
1133.1,197.4,1.040977628
1143.1,197.4,1.041146254
1153.1,197.4,1.040299277
1163.1,197.4,1.040784615
1173.1,197.4,1.040234402
1183.1,197.4,1.039827662
1193.1,197.4,1.039564059
1203.1,197.4,1.040672031
1213.1,197.4,1.040704444
1223.1,197.4,1.040880039
1233.1,197.4,1.041198961
1243.1,197.4,1.042936458
1253.1,197.4,1.043554712
1263.1,197.4,1.043018925
1273.1,197.4,1.043914988
953.1,246.75,1.050020243
963.1,246.75,1.050231297
973.1,246.75,1.04986513
983.1,246.75,1.049715556
993.1,246.75,1.048956438
1003.1,246.75,1.049231001
1013.1,246.75,1.048879573
1023.1,246.75,1.049578254
1033.1,246.75,1.049634169
1043.1,246.75,1.050758969
1053.1,246.75,1.05122382
1063.1,246.75,1.051889609
1073.1,246.75,1.051859608
1083.1,246.75,1.051108904
1093.1,246.75,1.050525948
1103.1,246.75,1.050110184
1113.1,246.75,1.049861217
1123.1,246.75,1.049778809
1133.1,246.75,1.049862882
1143.1,246.75,1.050113516
1153.1,246.75,1.050530949
1163.1,246.75,1.051115579
1173.1,246.75,1.051867965
1183.1,246.75,1.051799362
1193.1,246.75,1.052879158
1203.1,246.75,1.054128997
1213.1,246.75,1.054530227
1223.1,246.75,1.05508308
1233.1,246.75,1.054750912
1243.1,246.75,1.055598472
1253.1,246.75,1.055543603
1263.1,246.75,1.055623383
1273.1,246.75,1.054767045
953.1,296.1,1.060440291
963.1,296.1,1.060902457
973.1,296.1,1.061606144
983.1,296.1,1.062552314
993.1,296.1,1.063035455
1003.1,296.1,1.06374689
1013.1,296.1,1.063965223
1023.1,296.1,1.063668483
1033.1,296.1,1.064307256
1043.1,296.1,1.064416633
1053.1,296.1,1.063974913
1063.1,296.1,1.064476322
1073.1,296.1,1.064412354
1083.1,296.1,1.064533807
1093.1,296.1,1.064840807
1103.1,296.1,1.065333675
1113.1,296.1,1.065217396
1123.1,296.1,1.065272533
1133.1,296.1,1.065499138
1143.1,296.1,1.065080651
1153.1,296.1,1.064819469
1163.1,296.1,1.06471536
1173.1,296.1,1.064768232
1183.1,296.1,1.064978133
1193.1,296.1,1.064493652
1203.1,296.1,1.064152141
1213.1,296.1,1.063953324
1223.1,296.1,1.063026422
1233.1,296.1,1.063105375
1243.1,296.1,1.062442751
1253.1,296.1,1.062798806
1263.1,296.1,1.062399344
1273.1,296.1,1.063032681
953.1,345.45,1.072723383
963.1,345.45,1.072828247
973.1,345.45,1.078027896
983.1,345.45,1.078044071
993.1,345.45,1.077663445
1003.1,345.45,1.077495999
1013.1,345.45,1.077541536
1023.1,345.45,1.077159324
1033.1,345.45,1.07697758
1043.1,345.45,1.077649223
1053.1,345.45,1.07721491
1063.1,345.45,1.077634249
1073.1,345.45,0.000107758
1083.1,345.45,1.070973415
1093.1,345.45,1.077356407
1103.1,345.45,1.077170716
1113.1,345.45,1.077160325
1123.1,345.45,1.077325225
1133.1,345.45,1.076956118
1143.1,345.45,1.076749861
1153.1,345.45,1.076706268
1163.1,345.45,1.076098205
1173.1,345.45,1.076373336
1183.1,345.45,1.076811223
1193.1,345.45,1.077412265
1203.1,345.45,1.078177006
1213.1,345.45,1.079106143
1223.1,345.45,1.079431151
1233.1,345.45,1.079907328
1243.1,345.45,1.080535073
1253.1,345.45,1.079736354
1263.1,345.45,1.079064432
1273.1,345.45,1.078518836
953.1,394.8,1.093301943
963.1,394.8,1.093242757
973.1,394.8,1.092871653
983.1,394.8,1.092726213
993.1,394.8,1.092806257
1003.1,394.8,1.092546383
1013.1,394.8,1.092500688
1023.1,394.8,1.092669119
1033.1,394.8,1.093051872
1043.1,394.8,1.093060783
1053.1,394.8,1.093272773
1063.1,394.8,1.093088138
1073.1,394.8,1.093095301
1083.1,394.8,1.09268349
1093.1,394.8,1.092452237
1103.1,394.8,1.091780276
1113.1,394.8,1.091277761
1123.1,394.8,1.090944225
1133.1,394.8,1.090779359
1143.1,394.8,1.090141372
1153.1,394.8,1.090307729
1163.1,394.8,1.089989872
1173.1,394.8,1.089829162
1183.1,394.8,1.09048918
1193.1,394.8,1.089978768
1203.1,394.8,1.090289211
1213.1,394.8,1.09007619
1223.1,394.8,1.090009052
1233.1,394.8,1.089396503
1243.1,394.8,1.0896152
1253.1,394.8,1.08927747
1263.1,394.8,1.089074306
1273.1,394.8,1.089718723
953.1,444.15,1.111341425
963.1,444.15,1.111160746
973.1,444.15,1.110714456
983.1,444.15,1.109987685
993.1,444.15,1.109478752
1003.1,444.15,1.109187058
1013.1,444.15,1.109112262
1023.1,444.15,1.10872631
1033.1,444.15,1.108014398
1043.1,444.15,1.107498935
1053.1,444.15,1.107179373
1063.1,444.15,1.106508951
1073.1,444.15,1.105473558
1083.1,444.15,1.104614146
1093.1,444.15,1.104489135
1103.1,444.15,1.103984003
1113.1,444.15,1.103653076
1123.1,444.15,1.102922498
1133.1,444.15,1.102934084
1143.1,444.15,1.102535893
1153.1,444.15,1.102889322
1163.1,444.15,1.102822772
1173.1,444.15,1.103518624
1183.1,444.15,1.103784185
1193.1,444.15,1.103603502
1203.1,444.15,1.10419131
1213.1,444.15,1.104322548
1223.1,444.15,1.104607388
1233.1,444.15,1.104414612
1243.1,444.15,1.104365175
1253.1,444.15,1.103818029
1263.1,444.15,1.103404231
1273.1,444.15,1.103123484
953.1,493.5,1.125295084
963.1,493.5,1.125002265
973.1,493.5,1.124483643
983.1,493.5,1.124194539
993.1,493.5,1.124134598
1003.1,493.5,1.123825116
1013.1,493.5,1.123735123
1023.1,493.5,1.123864514
1033.1,493.5,1.123720579
1043.1,493.5,1.123786485
1053.1,493.5,1.123560043
1063.1,493.5,1.123533872
1073.1,493.5,1.123196469
1083.1,493.5,1.122534118
1093.1,493.5,1.122053189
1103.1,493.5,1.121229277
1113.1,493.5,1.120577258
1123.1,493.5,1.120096535
1133.1,493.5,1.119250372
1143.1,493.5,1.118566111
1153.1,493.5,1.118043162
1163.1,493.5,1.117681072
1173.1,493.5,1.117479531
1183.1,493.5,1.11688076
1193.1,493.5,1.116433232
1203.1,493.5,1.116136585
1213.1,493.5,1.115990578
1223.1,493.5,1.115420134
1233.1,493.5,1.114991099
1243.1,493.5,1.114703148
1253.1,493.5,1.114556062
1263.1,493.5,1.113957513
1273.1,493.5,1.113490692
953.1,592.2,1.158854458
963.1,592.2,1.158499523
973.1,592.2,1.158389677
983.1,592.2,1.158109688
993.1,592.2,1.157647149
1003.1,592.2,1.157412582
1013.1,592.2,1.156978781
1023.1,592.2,1.156764235
1033.1,592.2,1.156333823
1043.1,592.2,1.155675419
1053.1,592.2,1.154777211
1063.1,592.2,1.154073171
1073.1,592.2,1.15356259
1083.1,592.2,1.152791816
1093.1,592.2,1.152205867
1103.1,592.2,1.151343828
1113.1,592.2,1.15065805
1123.1,592.2,1.149680555
1133.1,592.2,1.148870844
1143.1,592.2,1.147754128
1153.1,592.2,1.146796831
1163.1,592.2,1.14599816
1173.1,592.2,1.145357456
1183.1,592.2,1.144874191
1193.1,592.2,1.144056322
1203.1,592.2,1.143387712
1213.1,592.2,1.142369422
1223.1,592.2,1.141492345
1233.1,592.2,1.140755834
1243.1,592.2,1.140159348
1253.1,592.2,1.139190454
1263.1,592.2,1.138353687
1273.1,592.2,1.137648467
953.1,690.9,1.191695768
963.1,690.9,1.190998685
973.1,690.9,1.190175128
983.1,690.9,1.189589325
993.1,690.9,1.188861839
1003.1,690.9,1.188363755
1013.1,690.9,1.187708879
1023.1,690.9,1.187275218
1033.1,690.9,1.186669741
1043.1,690.9,1.186277416
1053.1,690.9,1.185698325
1063.1,690.9,1.185324416
1073.1,690.9,1.184748868
1083.1,690.9,1.1843706
1093.1,690.9,1.183775906
1103.1,690.9,1.182954113
1113.1,690.9,1.181894864
1123.1,690.9,1.180588157
1133.1,690.9,1.179449418
1143.1,690.9,1.178477683
1153.1,690.9,1.177240907
1163.1,690.9,1.176163425
1173.1,690.9,1.175244371
1183.1,690.9,1.17404296
1193.1,690.9,1.172992439
1203.1,690.9,1.171646343
1213.1,690.9,1.170443737
1223.1,690.9,1.169383747
1233.1,690.9,1.168011655
1243.1,690.9,1.166774962
1253.1,690.9,1.165672817
1263.1,690.9,1.164704466
1273.1,690.9,1.163404258
953.1,789.6,1.227662441
963.1,789.6,1.226431239
973.1,789.6,1.225443475
983.1,789.6,1.224350052
993.1,789.6,1.22349172
1003.1,789.6,1.222513551
1013.1,789.6,1.221405559
1023.1,789.6,1.220517524
1033.1,789.6,1.219485764
1043.1,789.6,1.218300501
1053.1,789.6,1.217320364
1063.1,789.6,1.216173131
1073.1,789.6,1.215223215
1083.1,789.6,1.214092767
1093.1,789.6,1.213151968
1103.1,789.6,1.212017359
1113.1,789.6,1.211064852
1123.1,789.6,1.20990543
1133.1,789.6,1.208920673
1143.1,789.6,1.207716085
1153.1,789.6,1.206678833
1163.1,789.6,1.205409051
1173.1,789.6,1.204299381
1183.1,789.6,1.202944732
1193.1,789.6,1.201743088
1203.1,789.6,1.200284306
1213.1,789.6,1.198971546
1223.1,789.6,1.197389827
1233.1,789.6,1.195947293
1243.1,789.6,1.194642953
1253.1,789.6,1.193054788
1263.1,789.6,1.191598175
1273.1,789.6,1.190272168
953.1,888.3,1.266405777
963.1,888.3,1.265109909
973.1,888.3,1.263738584
983.1,888.3,1.262282272
993.1,888.3,1.260731568
1003.1,888.3,1.259077201
1013.1,888.3,1.257310052
1023.1,888.3,1.255421168
1033.1,888.3,1.253742379
1043.1,888.3,1.252272021
1053.1,888.3,1.250662967
1063.1,888.3,1.249254463
1073.1,888.3,1.247694594
1083.1,888.3,1.246327601
1093.1,888.3,1.244796775
1103.1,888.3,1.243451334
1113.1,888.3,1.241929795
1123.1,888.3,1.240223779
1133.1,888.3,1.238689811
1143.1,888.3,1.237326632
1153.1,888.3,1.235763581
1163.1,888.3,1.234364283
1173.1,888.3,1.232753512
1183.1,888.3,1.231299596
1193.1,888.3,1.23000144
1203.1,888.3,1.22847703
1213.1,888.3,1.227101695
1223.1,888.3,1.225488951
1233.1,888.3,1.223631258
1243.1,888.3,1.221910736
1253.1,888.3,1.219934871
1263.1,888.3,1.218089887
1273.1,888.3,1.215979572
953.1,987,1.301641397
963.1,987,1.300002617
973.1,987,1.298306497
983.1,987,1.296543979
993.1,987,1.294706126
1003.1,987,1.292784132
1013.1,987,1.291088119
1023.1,987,1.289295131
1033.1,987,1.287396605
1043.1,987,1.285709632
1053.1,987,1.283904711
1063.1,987,1.281973543
1073.1,987,1.279908009
1083.1,987,1.27803414
1093.1,987,1.276350282
1103.1,987,1.274516529
1113.1,987,1.272865446
1123.1,987,1.271052941
1133.1,987,1.269071287
1143.1,987,1.267259527
1153.1,987,1.265267578
1163.1,987,1.263438593
1173.1,987,1.261418638
1183.1,987,1.259554892
1193.1,987,1.257845999
1203.1,987,1.255932294
1213.1,987,1.254166946
1223.1,987,1.252186513
1233.1,987,1.250348097
1243.1,987,1.248650478
1253.1,987,1.246724656
1263.1,987,1.244933515
1273.1,987,1.243275919
953.1,1085.7,1.337500621
963.1,1085.7,1.335595535
973.1,1085.7,1.333649124
983.1,1085.7,1.331652641
993.1,1085.7,1.329898886
1003.1,1085.7,1.327778563
1013.1,1085.7,1.325888258
1023.1,1085.7,1.323918146
1033.1,1085.7,1.321859965
1043.1,1085.7,1.319705594
1053.1,1085.7,1.317447066
1063.1,1085.7,1.315392248
1073.1,1085.7,1.313221531
1083.1,1085.7,1.311246826
1093.1,1085.7,1.30914474
1103.1,1085.7,1.306907731
1113.1,1085.7,1.304853687
1123.1,1085.7,1.302980923
1133.1,1085.7,1.30095863
1143.1,1085.7,1.299110608
1153.1,1085.7,1.297102295
1163.1,1085.7,1.294926566
1173.1,1085.7,1.292913053
1183.1,1085.7,1.29072186
1193.1,1085.7,1.288346275
1203.1,1085.7,1.28612137
1213.1,1085.7,1.283702394
1223.1,1085.7,1.28142778
1233.1,1085.7,1.278949726
1243.1,1085.7,1.276609909
1253.1,1085.7,1.274406865
1263.1,1085.7,1.272339224
1273.1,1085.7,1.270053108
953.1,1184.4,1.374571954
963.1,1184.4,1.371894653
973.1,1184.4,1.3691826
983.1,1184.4,1.366716338
993.1,1184.4,1.364202396
1003.1,1184.4,1.361632597
1013.1,1184.4,1.359293381
1023.1,1184.4,1.356885963
1033.1,1184.4,1.354402452
1043.1,1184.4,1.35213511
1053.1,1184.4,1.349779849
1063.1,1184.4,1.347329057
1073.1,1184.4,1.345080704
1083.1,1184.4,1.342725479
1093.1,1184.4,1.340256064
1103.1,1184.4,1.337975967
1113.1,1184.4,1.335570817
1123.1,1184.4,1.333033615
1133.1,1184.4,1.330673182
1143.1,1184.4,1.328170329
1153.1,1184.4,1.325837279
1163.1,1184.4,1.323351714
1173.1,1184.4,1.320707159
1183.1,1184.4,1.318220786
1193.1,1184.4,1.315890869
1203.1,1184.4,1.313389167
1213.1,1184.4,1.31103758
1223.1,1184.4,1.308504949
1233.1,1184.4,1.306116284
1243.1,1184.4,1.303870063
1253.1,1184.4,1.301430819
1263.1,1184.4,1.299128142
1273.1,1184.4,1.296623759
953.1,1283.1,1.415860302
963.1,1283.1,1.412789405
973.1,1283.1,1.409693382
983.1,1283.1,1.406564029
993.1,1283.1,1.403393298
1003.1,1283.1,1.400458991
1013.1,1283.1,1.397470807
1023.1,1283.1,1.394421039
1033.1,1283.1,1.391302143
1043.1,1283.1,1.388398725
1053.1,1283.1,1.385414533
1063.1,1283.1,1.382342357
1073.1,1283.1,1.379471698
1083.1,1283.1,1.376501993
1093.1,1283.1,1.373725926
1103.1,1283.1,1.370840082
1113.1,1283.1,1.367837759
1123.1,1283.1,1.365016329
1133.1,1283.1,1.36206824
1143.1,1283.1,1.359293857
1153.1,1283.1,1.35638294
1163.1,1283.1,1.353638805
1173.1,1283.1,1.350748561
1183.1,1283.1,1.348018418
1193.1,1283.1,1.345446512
1203.1,1283.1,1.342715978
1213.1,1283.1,1.340137351
1223.1,1283.1,1.337708947
1233.1,1283.1,1.335109859
1243.1,1283.1,1.332654971
1253.1,1283.1,1.330342751
1263.1,1283.1,1.32817176
1273.1,1283.1,1.326140656
953.1,1381.8,1.455451819
963.1,1381.8,1.451747218
973.1,1381.8,1.448023787
983.1,1381.8,1.444550148
993.1,1381.8,1.441044653
1003.1,1381.8,1.437499525
1013.1,1381.8,1.433907154
1023.1,1381.8,1.430542426
1033.1,1381.8,1.427118432
1043.1,1381.8,1.423627934
1053.1,1381.8,1.420350344
1063.1,1381.8,1.416994893
1073.1,1381.8,1.413554705
1083.1,1381.8,1.41031357
1093.1,1381.8,1.406976963
1103.1,1381.8,1.40383151
1113.1,1381.8,1.400580204
1123.1,1381.8,1.397512484
1133.1,1381.8,1.394328867
1143.1,1381.8,1.391321571
1153.1,1381.8,1.388188651
1163.1,1381.8,1.385225068
1173.1,1381.8,1.382126444
1183.1,1381.8,1.379190431
1193.1,1381.8,1.376110262
1203.1,1381.8,1.373186223
1213.1,1381.8,1.370109212
1223.1,1381.8,1.36718208
1233.1,1381.8,1.364093467
1243.1,1381.8,1.3611487
1253.1,1381.8,1.35834601
1263.1,1381.8,1.355683721
1273.1,1381.8,1.352845927
